,ksat,kmin,kdry,mysat,rsat,kmin_fls
0,9352803231.152376,36000000000.0,3956958549.3196945,4960678733.577454,2153.35,36000000000.0
