,ksat,kmin,kdry,mysat,rsat,kmin_fls
0,11744353916.092768,36000000000.0,7345709026.590344,9464019232.954002,2153.35,36079396142.01845
